id,name,model_id:id,group_id:id,perm_read,perm_write,perm_create,perm_unlink
hospital_management.access_patient_table,access_patient_table,hospital_management.model_patient_table,base.group_user,1,1,1,1
hospital_management.access_appointment_table,access_appointment_table,hospital_management.model_appointment_table,base.group_user,1,1,1,1
hospital_management.access_pharmacy_lines,access_pharmacy_lines,hospital_management.model_pharmacy_lines,base.group_user,1,1,1,1
hospital_management.access_patient_tag,access_patient_tag,hospital_management.model_patient_tag,base.group_user,1,1,1,1
