id,name,model_id:id,group_id:id,perm_read,perm_write,perm_create,perm_unlink
school_management.access_student_data,access_student_data,school_management.model_student_data,base.group_user,1,1,1,1
school_management.access_spam_table,access_spam_table,school_management.model_spam_table,base.group_user,1,1,1,1
school_management.access_ml_model,access_ml_model,school_management.model_ml_model,base.group_user,1,1,1,1
school_management.access_example_model,access_example_model,school_management.model_example_model,base.group_user,1,1,1,1
school_management.access_example_result_wizards,access_example_result_wizards,school_management.model_example_result_wizards,base.group_user,1,1,1,1
school_management.access_prediction_model,access_prediction_model,school_management.model_prediction_model,base.group_user,1,1,1,1